{
    "ER": 0.26820001769810914,
    "DER": 0.29090001732110976,
    "DER++": 0.3024000130593777,
    "ER-ACE": 0.4153000146150589
}